{
  "version": 1,
  "author": "Uday Vadecha",
  "editor": "wokwi",
  "parts": [
    { "type": "wokwi-arduino-uno", "id": "uno", "top": 0, "left": 0, "attrs": {} },
    { "type": "wokwi-led", "id": "led1", "top": -138, "left": 176.6, "attrs": { "color": "red" } },
    {
      "type": "wokwi-pushbutton",
      "id": "btn1",
      "top": -125.4,
      "left": -6.6,
      "rotate": 90,
      "attrs": { "color": "green", "xray": "1" }
    }
  ],
  "connections": [
    [ "led1:A", "uno:4", "green", [ "v0" ] ],
    [ "led1:C", "uno:GND.1", "green", [ "v0" ] ],
    [ "uno:2", "btn1:1.r", "green", [ "v0" ] ],
    [ "btn1:2.l", "uno:GND.1", "green", [ "h0" ] ]
  ],
  "dependencies": {}
}